-- MySQL dump 10.13  Distrib 8.0.28, for Linux (x86_64)
--
-- Host: localhost    Database: blog
-- ------------------------------------------------------
-- Server version	8.0.28-0ubuntu0.20.04.3

/*!40101 SET @OLD_CHARACTER_SET_CLIENT=@@CHARACTER_SET_CLIENT */;
/*!40101 SET @OLD_CHARACTER_SET_RESULTS=@@CHARACTER_SET_RESULTS */;
/*!40101 SET @OLD_COLLATION_CONNECTION=@@COLLATION_CONNECTION */;
/*!50503 SET NAMES utf8mb4 */;
/*!40103 SET @OLD_TIME_ZONE=@@TIME_ZONE */;
/*!40103 SET TIME_ZONE='+00:00' */;
/*!40014 SET @OLD_UNIQUE_CHECKS=@@UNIQUE_CHECKS, UNIQUE_CHECKS=0 */;
/*!40014 SET @OLD_FOREIGN_KEY_CHECKS=@@FOREIGN_KEY_CHECKS, FOREIGN_KEY_CHECKS=0 */;
/*!40101 SET @OLD_SQL_MODE=@@SQL_MODE, SQL_MODE='NO_AUTO_VALUE_ON_ZERO' */;
/*!40111 SET @OLD_SQL_NOTES=@@SQL_NOTES, SQL_NOTES=0 */;

--
-- Table structure for table `categories`
--

DROP TABLE IF EXISTS `categories`;
/*!40101 SET @saved_cs_client     = @@character_set_client */;
/*!50503 SET character_set_client = utf8mb4 */;
CREATE TABLE `categories` (
  `id` bigint unsigned NOT NULL AUTO_INCREMENT,
  `name` varchar(255) COLLATE utf8mb4_unicode_ci NOT NULL,
  `slug` varchar(255) COLLATE utf8mb4_unicode_ci NOT NULL,
  `created_at` timestamp NULL DEFAULT NULL,
  `updated_at` timestamp NULL DEFAULT NULL,
  PRIMARY KEY (`id`),
  UNIQUE KEY `categories_name_unique` (`name`),
  UNIQUE KEY `categories_slug_unique` (`slug`)
) ENGINE=InnoDB AUTO_INCREMENT=4 DEFAULT CHARSET=utf8mb4 COLLATE=utf8mb4_unicode_ci;
/*!40101 SET character_set_client = @saved_cs_client */;

--
-- Dumping data for table `categories`
--

LOCK TABLES `categories` WRITE;
/*!40000 ALTER TABLE `categories` DISABLE KEYS */;
INSERT INTO `categories` VALUES (1,'Personal','personal','2022-02-20 06:48:02','2022-02-20 06:48:02'),(2,'Work','work','2022-02-20 06:48:02','2022-02-20 06:48:02'),(3,'Hobbies','hobbies','2022-02-20 06:48:03','2022-02-20 06:48:03');
/*!40000 ALTER TABLE `categories` ENABLE KEYS */;
UNLOCK TABLES;

--
-- Table structure for table `comments`
--

DROP TABLE IF EXISTS `comments`;
/*!40101 SET @saved_cs_client     = @@character_set_client */;
/*!50503 SET character_set_client = utf8mb4 */;
CREATE TABLE `comments` (
  `id` bigint unsigned NOT NULL AUTO_INCREMENT,
  `user_id` bigint unsigned NOT NULL,
  `post_id` bigint unsigned NOT NULL,
  `body` text COLLATE utf8mb4_unicode_ci NOT NULL,
  `created_at` timestamp NULL DEFAULT NULL,
  `updated_at` timestamp NULL DEFAULT NULL,
  PRIMARY KEY (`id`),
  KEY `comments_user_id_foreign` (`user_id`),
  KEY `comments_post_id_foreign` (`post_id`),
  CONSTRAINT `comments_post_id_foreign` FOREIGN KEY (`post_id`) REFERENCES `posts` (`id`) ON DELETE CASCADE,
  CONSTRAINT `comments_user_id_foreign` FOREIGN KEY (`user_id`) REFERENCES `users` (`id`) ON DELETE CASCADE
) ENGINE=InnoDB DEFAULT CHARSET=utf8mb4 COLLATE=utf8mb4_unicode_ci;
/*!40101 SET character_set_client = @saved_cs_client */;

--
-- Dumping data for table `comments`
--

LOCK TABLES `comments` WRITE;
/*!40000 ALTER TABLE `comments` DISABLE KEYS */;
/*!40000 ALTER TABLE `comments` ENABLE KEYS */;
UNLOCK TABLES;

--
-- Table structure for table `failed_jobs`
--

DROP TABLE IF EXISTS `failed_jobs`;
/*!40101 SET @saved_cs_client     = @@character_set_client */;
/*!50503 SET character_set_client = utf8mb4 */;
CREATE TABLE `failed_jobs` (
  `id` bigint unsigned NOT NULL AUTO_INCREMENT,
  `uuid` varchar(255) COLLATE utf8mb4_unicode_ci NOT NULL,
  `connection` text COLLATE utf8mb4_unicode_ci NOT NULL,
  `queue` text COLLATE utf8mb4_unicode_ci NOT NULL,
  `payload` longtext COLLATE utf8mb4_unicode_ci NOT NULL,
  `exception` longtext COLLATE utf8mb4_unicode_ci NOT NULL,
  `failed_at` timestamp NOT NULL DEFAULT CURRENT_TIMESTAMP,
  PRIMARY KEY (`id`),
  UNIQUE KEY `failed_jobs_uuid_unique` (`uuid`)
) ENGINE=InnoDB DEFAULT CHARSET=utf8mb4 COLLATE=utf8mb4_unicode_ci;
/*!40101 SET character_set_client = @saved_cs_client */;

--
-- Dumping data for table `failed_jobs`
--

LOCK TABLES `failed_jobs` WRITE;
/*!40000 ALTER TABLE `failed_jobs` DISABLE KEYS */;
/*!40000 ALTER TABLE `failed_jobs` ENABLE KEYS */;
UNLOCK TABLES;

--
-- Table structure for table `migrations`
--

DROP TABLE IF EXISTS `migrations`;
/*!40101 SET @saved_cs_client     = @@character_set_client */;
/*!50503 SET character_set_client = utf8mb4 */;
CREATE TABLE `migrations` (
  `id` int unsigned NOT NULL AUTO_INCREMENT,
  `migration` varchar(255) COLLATE utf8mb4_unicode_ci NOT NULL,
  `batch` int NOT NULL,
  PRIMARY KEY (`id`)
) ENGINE=InnoDB AUTO_INCREMENT=8 DEFAULT CHARSET=utf8mb4 COLLATE=utf8mb4_unicode_ci;
/*!40101 SET character_set_client = @saved_cs_client */;

--
-- Dumping data for table `migrations`
--

LOCK TABLES `migrations` WRITE;
/*!40000 ALTER TABLE `migrations` DISABLE KEYS */;
INSERT INTO `migrations` VALUES (1,'2014_10_12_000000_create_users_table',1),(2,'2014_10_12_100000_create_password_resets_table',1),(3,'2019_08_19_000000_create_failed_jobs_table',1),(4,'2019_12_14_000001_create_personal_access_tokens_table',1),(5,'2021_12_10_122352_create_posts_table',1),(6,'2021_12_11_104016_create_categories_table',1),(7,'2022_02_01_210956_create_comments_table',1);
/*!40000 ALTER TABLE `migrations` ENABLE KEYS */;
UNLOCK TABLES;

--
-- Table structure for table `password_resets`
--

DROP TABLE IF EXISTS `password_resets`;
/*!40101 SET @saved_cs_client     = @@character_set_client */;
/*!50503 SET character_set_client = utf8mb4 */;
CREATE TABLE `password_resets` (
  `email` varchar(255) COLLATE utf8mb4_unicode_ci NOT NULL,
  `token` varchar(255) COLLATE utf8mb4_unicode_ci NOT NULL,
  `created_at` timestamp NULL DEFAULT NULL,
  KEY `password_resets_email_index` (`email`)
) ENGINE=InnoDB DEFAULT CHARSET=utf8mb4 COLLATE=utf8mb4_unicode_ci;
/*!40101 SET character_set_client = @saved_cs_client */;

--
-- Dumping data for table `password_resets`
--

LOCK TABLES `password_resets` WRITE;
/*!40000 ALTER TABLE `password_resets` DISABLE KEYS */;
/*!40000 ALTER TABLE `password_resets` ENABLE KEYS */;
UNLOCK TABLES;

--
-- Table structure for table `personal_access_tokens`
--

DROP TABLE IF EXISTS `personal_access_tokens`;
/*!40101 SET @saved_cs_client     = @@character_set_client */;
/*!50503 SET character_set_client = utf8mb4 */;
CREATE TABLE `personal_access_tokens` (
  `id` bigint unsigned NOT NULL AUTO_INCREMENT,
  `tokenable_type` varchar(255) COLLATE utf8mb4_unicode_ci NOT NULL,
  `tokenable_id` bigint unsigned NOT NULL,
  `name` varchar(255) COLLATE utf8mb4_unicode_ci NOT NULL,
  `token` varchar(64) COLLATE utf8mb4_unicode_ci NOT NULL,
  `abilities` text COLLATE utf8mb4_unicode_ci,
  `last_used_at` timestamp NULL DEFAULT NULL,
  `created_at` timestamp NULL DEFAULT NULL,
  `updated_at` timestamp NULL DEFAULT NULL,
  PRIMARY KEY (`id`),
  UNIQUE KEY `personal_access_tokens_token_unique` (`token`),
  KEY `personal_access_tokens_tokenable_type_tokenable_id_index` (`tokenable_type`,`tokenable_id`)
) ENGINE=InnoDB DEFAULT CHARSET=utf8mb4 COLLATE=utf8mb4_unicode_ci;
/*!40101 SET character_set_client = @saved_cs_client */;

--
-- Dumping data for table `personal_access_tokens`
--

LOCK TABLES `personal_access_tokens` WRITE;
/*!40000 ALTER TABLE `personal_access_tokens` DISABLE KEYS */;
/*!40000 ALTER TABLE `personal_access_tokens` ENABLE KEYS */;
UNLOCK TABLES;

--
-- Table structure for table `posts`
--

DROP TABLE IF EXISTS `posts`;
/*!40101 SET @saved_cs_client     = @@character_set_client */;
/*!50503 SET character_set_client = utf8mb4 */;
CREATE TABLE `posts` (
  `id` bigint unsigned NOT NULL AUTO_INCREMENT,
  `category_id` bigint unsigned NOT NULL,
  `user_id` bigint unsigned NOT NULL,
  `title` varchar(255) COLLATE utf8mb4_unicode_ci NOT NULL,
  `slug` varchar(255) COLLATE utf8mb4_unicode_ci NOT NULL,
  `excerpt` text COLLATE utf8mb4_unicode_ci NOT NULL,
  `body` text COLLATE utf8mb4_unicode_ci NOT NULL,
  `thumbnail` varchar(255) COLLATE utf8mb4_unicode_ci DEFAULT NULL,
  `publshed_at` timestamp NULL DEFAULT NULL,
  `created_at` timestamp NULL DEFAULT NULL,
  `updated_at` timestamp NULL DEFAULT NULL,
  PRIMARY KEY (`id`)
) ENGINE=InnoDB AUTO_INCREMENT=64 DEFAULT CHARSET=utf8mb4 COLLATE=utf8mb4_unicode_ci;
/*!40101 SET character_set_client = @saved_cs_client */;

--
-- Dumping data for table `posts`
--

LOCK TABLES `posts` WRITE;
/*!40000 ALTER TABLE `posts` DISABLE KEYS */;
INSERT INTO `posts` VALUES (1,1,1,'First Post','first-post','First things first. You have to set priorities in your life. It is very important.','<p>Lorem ipsum dolor sit amet, consectetur adipiscing elit, sed do eiusmod tempor incididunt ut labore et dolore magna aliqua. Ut enim ad minim veniam, quis nostrud exercitation ullamco laboris nisi ut aliquip ex ea commodo consequat. Duis aute irure dolor in reprehenderit in voluptate velit esse cillum dolore eu fugiat nulla pariatur. Excepteur sint occaecat cupidatat non proident, sunt in culpa qui officia deserunt mollit anim id est laborum</p>',NULL,NULL,'2022-02-20 06:48:03','2022-02-20 06:48:03'),(2,1,2,'Second Post','second-post','Second things are done secondly.things first. You have to set priorities in your life. It is very important.','<p>Lorem ipsum dolor sit amet, consectetur adipiscing elit, sed do eiusmod tempor incididunt ut labore et dolore magna aliqua. Ut enim ad minim veniam, quis nostrud exercitation ullamco laboris nisi ut aliquip ex ea commodo consequat. Duis aute irure dolor in reprehenderit in voluptate velit esse cillum dolore eu fugiat nulla pariatur. Excepteur sint occaecat cupidatat non proident, sunt in culpa qui officia deserunt mollit anim id est laborum</p>',NULL,NULL,'2022-02-20 06:48:03','2022-02-20 06:48:03'),(3,1,13,'Sint pariatur aliquid aliquid tempora sit distinctio est.','totam-sit-assumenda-reprehenderit-ipsa-atque-saepe-facilis-et','Voluptas harum provident numquam maiores et. Rerum consectetur temporibus consequatur quo quisquam. Dolores iste quos non eaque voluptatem. Et qui eos alias exercitationem suscipit dignissimos autem.','<p>Est modi enim blanditiis omnis quia ut officia. Aut voluptatem occaecati iste culpa sapiente est deleniti. Omnis atque facere minus fuga quisquam alias dignissimos. Et nihil impedit in.</p><p>Dolor modi consequuntur quis eos aperiam aut commodi. Blanditiis molestiae dolorem voluptatem modi harum. Veritatis porro totam iure qui. Quo ut odio placeat.</p><p>Et consectetur itaque eveniet. Perspiciatis et et voluptatum est. Tenetur dolore ullam quibusdam quaerat inventore. Quia consequatur impedit natus sapiente.</p>',NULL,NULL,'2022-02-20 06:48:06','2022-02-20 06:48:06'),(4,1,14,'Et est nam fugiat molestiae et.','exercitationem-neque-omnis-at-ex-repellat','Quasi aut assumenda velit sed consequatur quia voluptas. Sed magnam officia dolores molestiae quia sit. Vitae est numquam autem saepe non pariatur aut. Omnis odio nisi fugiat consequatur voluptas. Ut cum ullam omnis provident dolorum quisquam voluptatem est.','<p>Repudiandae itaque suscipit similique perferendis molestiae hic et similique. Accusantium veritatis deleniti repellendus illum et sed. Quas qui eveniet dolor aliquam est.</p><p>Quis esse commodi recusandae porro. Dicta deserunt exercitationem fugit est. Enim voluptatum nemo soluta delectus. Aut beatae ratione nam natus qui nihil.</p><p>Quisquam est animi aspernatur amet sit animi. Corrupti impedit corrupti numquam dolore consectetur quis consectetur. Facilis consectetur qui ut officiis a molestias. Nihil maiores numquam repellat illum voluptatem.</p>',NULL,NULL,'2022-02-20 06:48:07','2022-02-20 06:48:07'),(5,1,15,'Quo molestias sed fugit molestiae aut et unde.','modi-in-mollitia-impedit-qui-ab-distinctio-atque','Dolor sequi soluta qui dicta quaerat. Error non aut qui doloremque dolores quia. Optio commodi officia amet commodi fugit corporis. Sunt non rem suscipit aut ipsa.','<p>Molestiae ratione ab ut reprehenderit est libero omnis. Quidem voluptatibus libero ipsum aperiam tempore doloremque nemo. Omnis voluptas velit ut ipsam.</p><p>Recusandae tempore aut dolores officiis. Excepturi velit quod error et voluptas. Quas aut ab veniam est omnis alias. Qui aut veniam et debitis culpa fugiat recusandae.</p><p>Quis neque illo aut pariatur inventore quia. Voluptatem aut voluptatem sapiente quia. Maiores aut officiis rem vel est sed ad. Sed veritatis rerum et sit.</p>',NULL,NULL,'2022-02-20 06:48:07','2022-02-20 06:48:07'),(6,1,16,'Ipsa laudantium aspernatur unde suscipit iusto perferendis.','maiores-pariatur-perferendis-nisi-aut','Nostrum placeat perferendis et illum autem alias alias sed. Exercitationem maxime veniam non nobis saepe voluptatem totam. Enim blanditiis in rem omnis.','<p>Reprehenderit est esse quo vel dolorem velit eveniet reiciendis. Possimus totam beatae et non. Molestias sunt corrupti culpa consequatur minus ex.</p><p>Explicabo voluptatem rerum eligendi at. Harum voluptates architecto accusantium. Iusto sit reprehenderit deleniti tempora sed distinctio aut et. Cumque officiis accusantium distinctio laboriosam omnis ea.</p><p>Id consequuntur possimus voluptatem velit velit unde. In nulla ut at. Expedita voluptatum consequuntur veniam illum ratione.</p>',NULL,NULL,'2022-02-20 06:48:07','2022-02-20 06:48:07'),(7,1,17,'Nobis earum sed incidunt tempore similique et.','quis-deserunt-voluptas-nihil-expedita-commodi-nulla','Cumque voluptatem enim reprehenderit quibusdam exercitationem. Saepe quod omnis quis tenetur porro minus aut. Vel dolorem sed fugit voluptatem.','<p>Sunt labore exercitationem possimus sed eaque. Soluta voluptate explicabo dignissimos deserunt adipisci. Ea amet aut explicabo ea et.</p><p>Ut eaque consequatur sunt ea commodi cumque. Nobis odit sed omnis perferendis ratione voluptas aperiam. Aut et blanditiis saepe qui ad est natus pariatur.</p><p>Ad et rerum ut et voluptatum qui sequi. Pariatur sequi autem explicabo earum itaque omnis alias. Sint et quas itaque modi distinctio. Porro et porro voluptates animi et commodi.</p>',NULL,NULL,'2022-02-20 06:48:07','2022-02-20 06:48:07'),(8,1,18,'Quia omnis maxime necessitatibus est molestiae architecto enim autem.','perspiciatis-totam-hic-hic-sed-sunt-et-dignissimos','Voluptas error qui quidem est. Ipsum perferendis et consequuntur eaque.','<p>Quis consequuntur fugiat debitis. Tempora ab et voluptate similique saepe. Aut voluptatem debitis ratione et eveniet dolor harum. Maxime dolores corrupti adipisci. Neque tempora pariatur ut ea mollitia quo officia.</p><p>Numquam maiores dicta cumque sapiente repellendus asperiores. Quidem qui doloribus non magni aut rerum. Quas dolore et exercitationem explicabo deleniti fuga.</p><p>Eius iusto id dignissimos excepturi incidunt accusantium. Culpa dolorum repellendus tenetur molestiae sequi dolor voluptates. Sit dignissimos fugit et odio necessitatibus et voluptatibus. Quas omnis at enim illum id consequatur beatae.</p>',NULL,NULL,'2022-02-20 06:48:07','2022-02-20 06:48:07'),(9,1,19,'Velit non et assumenda quia sint.','temporibus-quia-non-quo','Qui magnam voluptas architecto et vel iste. Dolore doloribus voluptas rerum dignissimos occaecati enim. Totam voluptatibus debitis aut magnam exercitationem rerum.','<p>Aut cupiditate laborum accusamus et excepturi culpa. Cumque veritatis dolor provident sit. Autem quod et optio commodi vel.</p><p>Omnis ratione quisquam ut voluptates iure. Recusandae et quas commodi. Occaecati cum labore modi sequi. Voluptatem voluptas autem deserunt aliquam aspernatur quo. Assumenda velit inventore aliquam dolor debitis facere.</p><p>Ut reiciendis beatae tempore pariatur voluptas molestias fugiat. Repellendus reiciendis sit consequatur voluptatum qui omnis. Ut consequatur et modi sint unde rerum.</p>',NULL,NULL,'2022-02-20 06:48:08','2022-02-20 06:48:08'),(10,1,20,'Ducimus est dolor velit exercitationem similique numquam.','provident-iusto-dicta-impedit-fugiat-autem-sed-eos','Esse deserunt saepe necessitatibus nisi. Mollitia occaecati sint veniam et.','<p>Odit labore tenetur odio. Eligendi et consequatur saepe aperiam harum cupiditate. Hic et veniam non.</p><p>Nisi eum consequatur sunt qui enim ut. Dicta eaque iusto quae.</p><p>Vero porro enim et ipsum at cupiditate. Non quia sunt dolores commodi laudantium. Vitae autem et voluptas optio natus. Aut aperiam officiis qui est occaecati.</p>',NULL,NULL,'2022-02-20 06:48:08','2022-02-20 06:48:08'),(11,1,21,'Nemo dolorem illo soluta corporis quis aliquam aut.','quia-non-voluptas-ut-eveniet-et-saepe','Sunt eaque ea rerum quam asperiores animi inventore dolores. Sunt dolor id corporis delectus pariatur molestiae rerum. Earum at ex deleniti sapiente eos vel explicabo tempora. Laboriosam quis minus provident ut ut voluptates eveniet provident.','<p>Ut et iusto est qui et deleniti ab. In dolorem et eaque cumque dolorum quia corrupti laboriosam. Eveniet qui aut soluta et.</p><p>Corporis culpa perferendis saepe molestiae veniam necessitatibus eligendi. Est nisi corrupti maxime dignissimos ratione et non voluptatem. Debitis et quidem quo ab dolorum minima ea sit. Porro debitis dignissimos deserunt eligendi.</p><p>Quia veniam omnis consectetur doloremque non nobis exercitationem. Magnam harum velit asperiores est dolorem est est. Officia est quaerat dolor commodi eius.</p>',NULL,NULL,'2022-02-20 06:48:08','2022-02-20 06:48:08'),(12,1,22,'Et non nihil earum nisi.','vel-provident-laboriosam-consectetur-laudantium-consequatur-est','Ipsa inventore ad harum dolore explicabo id voluptas. Excepturi voluptas dolorem quia officiis facilis iure. Neque veritatis rerum qui architecto et distinctio.','<p>A id eum sed error. Consequatur dolores cumque voluptas harum in dolores.</p><p>Quo id fugit quidem placeat. Non asperiores soluta aspernatur natus. Aut impedit aut distinctio distinctio omnis aliquam repudiandae. Sequi quia aut maxime et blanditiis occaecati quia.</p><p>Omnis ut tempora aut dolor earum nulla eligendi. Minima excepturi doloremque quaerat est vel est. Alias consequatur in veritatis ea.</p>',NULL,NULL,'2022-02-20 06:48:08','2022-02-20 06:48:08'),(13,2,23,'Nam neque qui quia odio.','eveniet-dolorum-nisi-non-quod','Voluptate quae laboriosam possimus. Voluptas eos animi quos quibusdam earum ratione. Suscipit aut ut aut. Est omnis eum consequatur sed quam eligendi dolore.','<p>Nesciunt fuga totam ut magnam eius voluptatem. Quia magnam id eius voluptates quia. Eveniet quia eum et.</p><p>Ea ex molestiae quibusdam voluptatibus officiis atque reprehenderit consequuntur. Aut dolorum quas nesciunt delectus. Ipsum suscipit ratione similique quia sequi nostrum rem. Et illo sit quas consequuntur veniam autem quisquam.</p><p>Qui deserunt velit qui quaerat ut. Libero dolorem officia fugiat ex distinctio et repellat. Voluptate nobis et accusamus dignissimos et odit voluptas. Ut fugit molestiae aut.</p>',NULL,NULL,'2022-02-20 06:48:11','2022-02-20 06:48:11'),(14,2,24,'Officiis nihil totam a sit quo nisi aut.','sint-odio-ut-recusandae-dolorum-recusandae','Nihil quo molestias commodi temporibus nihil ut. Perferendis sint possimus aspernatur consequatur fugiat. Itaque quo aut at tenetur. Aut aut qui perspiciatis. Et qui id veniam aut explicabo omnis neque qui.','<p>Culpa sit hic ut eum. Nostrum libero accusamus ut necessitatibus et possimus. Eius ab ex possimus tenetur. Corrupti voluptatem sint non voluptate autem.</p><p>Quam eos est voluptas porro. Id odit voluptas dicta non quos qui. Beatae omnis nisi architecto soluta voluptatem aut fugiat.</p><p>Est consequatur laboriosam aut ipsa. Quam sed vel voluptatum iure. Mollitia aut non ea et nobis ipsam ut. Blanditiis aspernatur nostrum dignissimos ad recusandae assumenda impedit officia.</p>',NULL,NULL,'2022-02-20 06:48:11','2022-02-20 06:48:11'),(15,2,25,'Vel iure voluptas id placeat culpa.','laudantium-ducimus-natus-libero-sed','Consequatur autem facilis laudantium. Nam sed dolore ut consequatur iure quis repellat illum. Qui dolores doloribus iure repellendus quas sequi ea rerum. Natus officiis sequi eligendi autem.','<p>Qui id mollitia ut. Incidunt cumque repudiandae voluptatem itaque dignissimos. Voluptates facilis enim neque veritatis vero. Et consequatur nam quidem beatae sed hic.</p><p>Ex qui ipsa amet quia quia consequatur. Odit tempora ducimus quia quo molestiae sit aliquid. Non ad enim similique sit nihil molestias voluptatem.</p><p>Earum at corporis fugit molestiae. Error labore magni aut et quia alias. Inventore doloribus magni maxime ad nostrum rerum repellendus.</p>',NULL,NULL,'2022-02-20 06:48:11','2022-02-20 06:48:11'),(16,2,26,'Reprehenderit velit et ut nihil provident esse ducimus suscipit.','esse-hic-voluptatem-delectus-est-enim-dicta-minima','Quasi aliquam qui vel repellat laboriosam facere sit. Dolorem perferendis qui vitae sunt. Quisquam ea et possimus molestias necessitatibus veritatis.','<p>Eius corrupti nisi ratione ullam nesciunt modi. Excepturi aliquid dolorem sint laudantium qui in veritatis. Iusto beatae sed numquam ad. Rem repudiandae veniam quia sit.</p><p>Rerum quibusdam voluptate veritatis facere quo iusto. Iure quia officia porro. Quis qui atque autem quasi ratione.</p><p>Porro voluptas officia nam earum sed possimus eum. Voluptatibus excepturi illo odit labore eligendi. Soluta enim ad explicabo consectetur qui veritatis in. Non mollitia dolor qui voluptatum a architecto.</p>',NULL,NULL,'2022-02-20 06:48:11','2022-02-20 06:48:11'),(17,2,27,'Temporibus dolores eos dolores placeat labore omnis numquam.','voluptatem-ut-vitae-error-repellendus-quia-et-pariatur-molestiae','Et sequi assumenda dolor repudiandae beatae eum aliquam inventore. Voluptatem nostrum nesciunt similique facere. Quis dolorem sit omnis accusamus vitae voluptas fuga. Quis id a pariatur quia.','<p>Doloremque alias placeat voluptatem atque saepe. Sed totam minus saepe quia nemo maxime iure et. Et consequatur quod dolorum aperiam numquam autem. Dolorem et expedita qui molestiae tempora fugiat numquam.</p><p>Exercitationem qui illum non est. Autem sit earum aut tempora. Natus omnis eius aut est quia. Molestias distinctio reprehenderit rerum ea.</p><p>Ut voluptas laudantium nobis sit unde rem. Minima commodi ut ut error id nemo. Incidunt enim iste quia repellendus. Amet quis est nesciunt recusandae laborum ut.</p>',NULL,NULL,'2022-02-20 06:48:12','2022-02-20 06:48:12'),(18,2,28,'Est tempora quia veritatis cum.','iste-ea-labore-culpa-eum-et-omnis-a','Modi et reiciendis fuga ducimus quasi ea. Sed accusantium nisi dolore iste. Voluptas quis voluptate deserunt facilis enim expedita reprehenderit. Tempore amet aut qui sint autem qui.','<p>Repellat cumque maxime nihil ullam. Quo voluptate est et laudantium vitae et et. Debitis ullam quidem harum omnis.</p><p>Et iure accusamus asperiores facilis amet esse. Impedit ex sed et voluptatem. Aut molestiae dignissimos placeat dolorem quod tenetur. Fugiat dolor est quasi. Eligendi aliquam architecto dignissimos itaque.</p><p>Nihil explicabo dolorem dolores placeat quos accusamus et. Dolore eum quis et. Corporis soluta rerum et quibusdam.</p>',NULL,NULL,'2022-02-20 06:48:12','2022-02-20 06:48:12'),(19,2,29,'Alias velit esse nulla in ut rerum.','nisi-delectus-voluptates-dignissimos-nulla-non-eius','Rerum quidem aliquid reprehenderit ex nostrum eaque et modi. Ipsam architecto eum ipsa atque et recusandae. Debitis odio debitis ducimus ducimus molestiae. Est suscipit sint sed.','<p>Fugit perferendis laudantium quis incidunt dolore perspiciatis quis. Voluptatibus quaerat beatae veniam voluptatem eos quas eum unde. Cum amet corrupti velit distinctio aperiam eos.</p><p>Et omnis quis numquam aut nam ullam natus. Eos voluptas dicta quidem praesentium. In culpa repudiandae perferendis quibusdam. At facilis omnis dignissimos dolore voluptas voluptatem.</p><p>Inventore et error cumque voluptatibus. Est iure repellat ipsa esse et dignissimos consequatur tempora. Praesentium atque aliquid rerum et id in veritatis.</p>',NULL,NULL,'2022-02-20 06:48:12','2022-02-20 06:48:12'),(20,2,30,'Unde dolorem sunt autem aperiam.','voluptas-et-quo-aut-aut-possimus','Quibusdam a doloribus nesciunt est et consequatur ex cum. Aut autem ut veritatis sunt.','<p>Autem et consequatur et ut facere similique tenetur. Qui autem molestiae eum est recusandae aut nostrum. Voluptas error et dolor est et odio impedit. Voluptas enim ullam est asperiores et eligendi nihil.</p><p>Earum molestiae hic omnis eveniet facere id iusto. Eos possimus nobis enim quo quia. Id sit perspiciatis deserunt voluptatem numquam saepe beatae deserunt. Consectetur modi quo modi culpa.</p><p>Modi illo accusamus rerum quis. Molestiae in quis suscipit sint accusantium qui dicta et. Provident sunt maiores veritatis cum dolorum quo. Suscipit quo optio ut quidem aperiam distinctio voluptatem quae.</p>',NULL,NULL,'2022-02-20 06:48:12','2022-02-20 06:48:12'),(21,3,31,'Et ullam quibusdam esse iste.','maxime-aut-sunt-et-quos','Dolor alias consectetur dolor. Non ratione maxime sunt rerum autem nostrum sed consequuntur. Nisi velit similique accusamus.','<p>Aliquam quia dolor natus ab tenetur. Unde qui exercitationem qui voluptas. Non rerum incidunt et officiis ipsa eos minima dolorem. Minus eum officiis nihil rerum odio qui similique.</p><p>Qui ipsam repellat dignissimos quia non quis eum ratione. Magni quae veniam odio dolor quod pariatur. Nostrum sit aut doloremque praesentium est sed.</p><p>Nobis quibusdam labore suscipit est. Nam omnis unde ab praesentium deleniti fugit sint. Voluptates blanditiis dolores veritatis harum at dolorum aliquid. Quibusdam cupiditate iusto quasi et quod at ipsam.</p>',NULL,NULL,'2022-02-20 06:48:16','2022-02-20 06:48:16'),(22,3,32,'Vero maiores distinctio a qui soluta occaecati neque.','ut-quae-nesciunt-dolores-est','Facere sit soluta explicabo aut. Et explicabo id quia facilis. Eligendi reiciendis delectus enim architecto. Magni amet tempora nisi consequatur. Quod eligendi voluptas impedit dolorem commodi impedit.','<p>Sunt modi vel nostrum et rerum provident labore. Saepe dolorem sunt vero sed exercitationem eos temporibus veritatis. Totam illo qui ullam eos. Sed et sed qui saepe dolor dolorem.</p><p>Itaque molestiae voluptate saepe soluta. Voluptatum quam magnam voluptatem et enim dolores. Et mollitia est aperiam quas voluptas.</p><p>Nisi ducimus et recusandae hic. Nihil delectus rerum tenetur quasi qui. Dolores dolore ullam suscipit placeat enim suscipit. Aut similique sit error magnam voluptas quasi blanditiis eum.</p>',NULL,NULL,'2022-02-20 06:48:16','2022-02-20 06:48:16'),(23,3,33,'Cum et unde aliquid quam fugit.','optio-beatae-aliquid-ratione-deserunt-expedita-ut-nisi','Sed unde distinctio repellendus sed exercitationem quaerat. Natus eos alias voluptas molestias rerum. Unde cupiditate ipsum officiis quidem repudiandae fugit.','<p>Iste laudantium similique animi harum inventore in. Consequatur voluptas culpa quam enim mollitia explicabo.</p><p>Neque laborum maiores at ducimus velit accusantium laboriosam vero. Aut fugit eligendi pariatur delectus. Itaque sunt corporis ea autem sequi consectetur. Est rerum magni dolores at.</p><p>Praesentium enim vel amet qui fugit voluptate sapiente. Totam eos voluptatum incidunt minus asperiores. Sed minima dolor dolorem rerum vel laudantium at. Delectus voluptatem rem reprehenderit aut error ut nostrum. Neque dolorem excepturi exercitationem incidunt.</p>',NULL,NULL,'2022-02-20 06:48:16','2022-02-20 06:48:16'),(24,3,34,'Provident iure qui esse voluptatem error voluptas.','temporibus-consectetur-nobis-ipsa-ratione-corrupti-ut','Deleniti beatae et et neque. Dolorem fuga autem sit aliquid et voluptatem. Quidem error nihil rem sint.','<p>Adipisci et est aliquam veritatis et labore. Ut ratione quo est quas alias expedita. Sapiente voluptas quo voluptas tenetur. Aut magni nostrum voluptas perspiciatis molestiae omnis et.</p><p>Et repudiandae et sint est ea. Ipsam adipisci nam doloribus. Consectetur ipsum eveniet reiciendis sunt aut impedit.</p><p>Omnis dolor voluptas dignissimos et qui aut. Ad recusandae nobis est corporis rerum et harum. Ea quia non ducimus ut tenetur eum.</p>',NULL,NULL,'2022-02-20 06:48:16','2022-02-20 06:48:16'),(25,3,35,'Fugiat iusto molestiae excepturi reiciendis.','tempore-enim-ex-ipsam-occaecati-consequatur-veniam-et-incidunt','Velit aut et esse. Dolor nihil aut et quo voluptas et accusantium. Voluptas aut quis nobis.','<p>Qui eveniet ab velit voluptatem voluptate voluptate quam alias. Est ex porro illo illo aut. Ut ut aperiam dolore accusantium veniam voluptatem id sed. Est amet provident maxime id aut accusantium aut.</p><p>Explicabo delectus tempore qui qui laboriosam. Consequatur ullam quae consequatur repellat dolores provident.</p><p>Ut unde beatae a ratione et. Dolor ut saepe quos voluptates qui. Qui molestiae alias quia ut repellat quo.</p>',NULL,NULL,'2022-02-20 06:48:16','2022-02-20 06:48:16'),(26,3,36,'Dolores culpa sit sint eligendi.','ullam-voluptatem-dolores-corrupti','Ut sint similique eveniet expedita aut ipsum. Ut qui totam et ut rerum. Non rem nobis ipsum inventore. Rerum dolorum voluptate et nemo repudiandae voluptatem.','<p>Commodi facere delectus aut. Ut id voluptatem modi. Ratione cupiditate ipsam consequatur libero iusto dolor quia quae. Nihil rerum velit et libero modi sed sint.</p><p>Repudiandae cumque amet est quae. Eos quo eligendi placeat ut iusto veniam ut. Corrupti recusandae enim consectetur maiores ut dolore est. Libero eius illo similique cupiditate et.</p><p>Quidem velit qui et delectus. Eaque et accusamus aperiam veniam. Debitis dolor voluptatem et recusandae ipsa repellendus.</p>',NULL,NULL,'2022-02-20 06:48:16','2022-02-20 06:48:16'),(27,3,37,'Nihil ut eaque expedita ut asperiores eum assumenda.','vel-tempora-facilis-et-a-error','Sapiente laborum autem non temporibus et id ut. Aperiam distinctio voluptatibus excepturi reprehenderit eos temporibus aut. Enim sint dolorum qui aut ipsam vero.','<p>Voluptatibus deserunt sapiente pariatur minima quo sint ut molestiae. Et illo dicta necessitatibus veniam a non quo. Beatae ut temporibus necessitatibus aut consequatur ea. Inventore dignissimos explicabo in nemo enim eaque eligendi.</p><p>Fugit et et inventore expedita aut impedit. Doloremque autem cupiditate quaerat dolorem. Distinctio sint assumenda sed quae quia.</p><p>Nihil voluptate omnis quod dolorem quo possimus ut. Et corporis voluptates quos reprehenderit alias minima atque. Et velit et accusantium omnis sunt consectetur doloribus. At aut in in quidem.</p>',NULL,NULL,'2022-02-20 06:48:16','2022-02-20 06:48:16'),(28,3,38,'Consequatur quo similique quis debitis tempore ut sit voluptatum.','rerum-rerum-quam-ab-debitis-possimus-aut-a','Numquam error et saepe alias. Fugiat aspernatur aspernatur vel id sit autem. Soluta non exercitationem ut est impedit pariatur. Eum id porro odit quis dolorum qui.','<p>Delectus optio ea nemo sit magni qui. Commodi deserunt quaerat aut illo illum perferendis. Nihil molestiae facilis eligendi illo. Animi ratione pariatur pariatur qui quos tempora cumque.</p><p>Ipsum molestiae quasi et temporibus pariatur. Quis nihil soluta ratione omnis. Nesciunt laboriosam corrupti rerum modi.</p><p>Repellat distinctio expedita nisi magni possimus ratione. Sint occaecati eaque eum voluptate. Nostrum velit id et harum quos ut. Magni hic voluptatem voluptas occaecati.</p>',NULL,NULL,'2022-02-20 06:48:16','2022-02-20 06:48:16'),(29,3,39,'Nulla aperiam natus modi.','repudiandae-labore-quis-blanditiis-dolores-quia-nam-est-doloribus','Voluptas libero deleniti a odit aut. Blanditiis consequatur facere itaque sequi aliquam aut et. Pariatur officiis rem dolor illo eum est placeat aperiam. Sed dolor eaque reprehenderit earum eos illum laboriosam maxime.','<p>Eligendi magnam aspernatur quia est. Vero sed porro magni aut autem dolorem.</p><p>Quam consequatur ipsam modi dolor est sed voluptatem repellat. Consequatur sunt porro voluptatem rerum. Maxime enim nobis explicabo tempora vero consequatur eum.</p><p>Ipsa distinctio voluptatum illum. Sed voluptate architecto est alias nesciunt. Libero omnis quidem aut eum ad. Rerum voluptas non minima aliquid.</p>',NULL,NULL,'2022-02-20 06:48:17','2022-02-20 06:48:17'),(30,3,40,'Vel quos necessitatibus eos aut pariatur voluptatem corporis.','qui-sit-tempora-modi-enim-qui-ex-facilis','Ab est aliquam corrupti dicta unde minima quaerat non. Id quia debitis id. Est veritatis possimus delectus.','<p>Voluptates expedita recusandae omnis neque recusandae nulla. Vel quis quo in iure. Sapiente accusamus voluptatum beatae necessitatibus id.</p><p>Sed ipsum amet magnam autem. Et sit modi voluptas omnis ducimus. Sequi nisi aut quisquam sint aut. Nisi voluptates saepe voluptas exercitationem.</p><p>Non eveniet soluta quo vitae. Minima cum vero atque commodi totam suscipit quis. Et accusantium et porro ea numquam inventore. Minima nesciunt saepe nobis eius reprehenderit quas.</p>',NULL,NULL,'2022-02-20 06:48:17','2022-02-20 06:48:17'),(31,3,41,'Veniam ut doloribus suscipit fugiat sunt.','asperiores-eos-incidunt-sit-aut','Molestiae explicabo assumenda non cum at temporibus. Velit eos placeat perspiciatis similique.','<p>Itaque dolores nulla dolorem repellendus tempore voluptates. Enim voluptatibus voluptatum dolores tempore explicabo. Repudiandae qui et sit id sit labore. Itaque voluptate expedita saepe quia aspernatur.</p><p>Consequatur consequatur error quo accusamus aut consequatur et. Veniam sed minus labore delectus. Voluptatibus qui enim sint dignissimos iste natus. Eius voluptatem iste deserunt ullam dolorem autem corrupti.</p><p>Voluptas placeat expedita earum pariatur non est sapiente. Vel veritatis consequuntur ut quidem. A eum officia aut in eveniet. Qui odit a numquam architecto quam aut inventore aperiam.</p>',NULL,NULL,'2022-02-20 06:48:17','2022-02-20 06:48:17'),(32,3,42,'Ut quasi voluptatem ipsa est.','a-est-totam-facere-nemo-veniam-velit','Sit saepe ea architecto et est vel ab. Et perspiciatis rerum magnam nam eos et eligendi. Blanditiis et nam molestiae corrupti. Molestiae aut repellat ducimus rerum ratione repudiandae.','<p>Officia libero non tenetur. Corporis fugit necessitatibus eos eos temporibus. Expedita ipsam porro cum nihil omnis. Ut sequi fugiat est quam debitis blanditiis consequatur.</p><p>Porro et mollitia quos rerum. Deserunt fugiat odit ullam eveniet quas vitae inventore. Officia rerum impedit quia qui in.</p><p>Et vel fugiat vitae natus itaque asperiores voluptate. Aliquid non voluptas enim recusandae atque esse quia. Perferendis sunt hic itaque culpa.</p>',NULL,NULL,'2022-02-20 06:48:17','2022-02-20 06:48:17'),(33,3,43,'Est assumenda saepe maxime pariatur unde tempora.','consectetur-voluptatem-veniam-iusto-suscipit-et-quos-aliquid','Velit fuga qui dolor soluta nobis non quod. Voluptas aut nobis modi odio nulla. Non voluptas qui accusamus.','<p>Maiores nihil enim perferendis sequi voluptatibus. Veritatis vel consequatur explicabo.</p><p>Voluptatum cum possimus error velit quaerat. Quia et atque cum blanditiis ratione. Rem neque vero eligendi at. Quo perferendis molestiae maiores consequatur.</p><p>Nesciunt sed et vero expedita qui. Qui eos nisi est est perferendis qui odit non. Earum iusto quas quam dignissimos. Asperiores sint accusamus expedita dolore fugit consequatur.</p>',NULL,NULL,'2022-02-20 06:48:17','2022-02-20 06:48:17'),(34,3,44,'At optio dignissimos ducimus perferendis omnis dolorem.','ut-qui-cumque-consequuntur-qui','Aliquid temporibus dolores quod ut corrupti et. Molestiae consequuntur quia veritatis illum facere ut quibusdam. Numquam occaecati accusamus voluptatem illum ipsum nesciunt aspernatur dolore. Aut quibusdam architecto repellat et dolores enim voluptas minus.','<p>Enim quibusdam facilis ratione qui sed iusto ea. Aliquid officia exercitationem suscipit dolore. Voluptas molestias est tempore unde pariatur.</p><p>Non est maiores sed adipisci. Optio ipsum voluptas quam in ipsa incidunt dignissimos. Aliquam est voluptatem laboriosam sit sint et. Fugiat et sapiente sunt dolorem molestiae.</p><p>Quisquam eligendi illo est. At quo ab similique rerum animi numquam. Aut praesentium minus autem eveniet at. Aut aut occaecati magnam sit voluptatem nulla consequatur.</p>',NULL,NULL,'2022-02-20 06:48:17','2022-02-20 06:48:17'),(35,3,45,'Laboriosam qui et fugiat autem.','nesciunt-quibusdam-explicabo-enim-consequatur-consequuntur','Dolorem possimus veritatis quia dignissimos quos vero quaerat. Nesciunt debitis explicabo qui aperiam cum dicta adipisci. Eum quisquam ea dolor ut minima occaecati error. Soluta et vitae vel dolores explicabo commodi molestiae culpa.','<p>Atque optio quae voluptatem sunt non. Beatae modi dolorem veritatis quia illum. Ut vitae rerum earum odit.</p><p>Quam ipsa est suscipit aut. Porro velit labore unde et. Cupiditate quis laborum culpa eius velit iste.</p><p>Repellat perspiciatis fugiat provident aut voluptas distinctio. Voluptatum fugit ut voluptatem fugiat excepturi nihil culpa. Voluptates omnis facere deleniti vel unde tempore.</p>',NULL,NULL,'2022-02-20 06:48:17','2022-02-20 06:48:17'),(36,1,2,'Libero pariatur in dolor ipsa illo optio cumque accusamus.','est-quam-mollitia-eos-aut-natus','Id et iste esse ratione. Illo sunt sunt tenetur aut delectus explicabo hic autem. Non esse aliquid cupiditate corrupti error nemo earum. Exercitationem ut distinctio ex nisi et beatae quaerat qui.','<p>Facere neque voluptatum rem inventore et. Est enim laudantium fuga ipsam. Quisquam non corporis vel.</p><p>Earum qui ut iusto laboriosam. Sapiente dolores voluptatem quasi. Non facilis harum exercitationem et vel. Enim est quod nostrum voluptatem at facilis sed.</p><p>Culpa vel quis et dolorem qui maiores est. Esse dolorem delectus et sed. Quae qui quis iusto nesciunt fuga et.</p>',NULL,NULL,'2022-02-20 06:48:18','2022-02-20 06:48:18'),(37,1,2,'Rerum culpa id excepturi veritatis dolores itaque.','omnis-sunt-ea-accusamus-ut-tempora-eius','Quidem in quos quasi rerum dignissimos labore. Dolore illum voluptates illum enim. Accusamus fugit repellat nostrum enim dicta sunt. Velit aut est magnam veritatis quidem id dolores.','<p>In repellendus fugit omnis id eos. Ea aut itaque ex aut et optio ipsam. Cum maiores cumque natus rerum facere accusamus autem.</p><p>Qui totam explicabo ullam corrupti. Et consequatur debitis qui inventore. Est impedit quo consequatur ducimus officiis.</p><p>Unde odit voluptatem velit sed nobis sunt quia qui. Harum dolore hic qui in repellendus. Voluptatum accusantium qui quis quos nihil amet deleniti optio.</p>',NULL,NULL,'2022-02-20 06:48:18','2022-02-20 06:48:18'),(38,1,2,'Dolorum sunt et ut ipsa.','et-aut-amet-optio-ut-quia-adipisci-voluptatem','Nesciunt sed quo adipisci ducimus delectus vitae. Quo quod fuga qui ut. Quis quisquam delectus porro quis quibusdam non cum mollitia. Dolore ut nihil rem ut iste et et.','<p>Vero ut dignissimos temporibus inventore eius. Veniam et perspiciatis architecto delectus est veniam. Repellat rerum et consequatur ea consequatur accusamus.</p><p>Tempora omnis sunt rerum adipisci error beatae. Inventore quidem quia vitae itaque ad. Quod impedit ex voluptas quo placeat.</p><p>Voluptates tenetur nihil velit aut. Et quis at modi dolor quo qui. Omnis aspernatur iusto et nisi accusantium dolor.</p>',NULL,NULL,'2022-02-20 06:48:18','2022-02-20 06:48:18'),(39,1,2,'Accusantium eaque at qui temporibus iusto repellendus deserunt.','accusamus-molestiae-earum-rerum-quam-veniam-dicta-autem','Doloribus voluptas aperiam ipsam tempora cumque. At est est sint et molestiae ipsum vitae temporibus. Tempora et cum voluptas aut.','<p>Dolorum corporis vitae eius delectus. Debitis quia placeat accusantium dolores. Culpa minima quo natus voluptatem similique. Enim numquam voluptatem aut debitis asperiores temporibus. Dicta et voluptate eligendi nulla maiores.</p><p>Mollitia reprehenderit autem esse earum iusto. Qui voluptas quidem optio voluptates omnis id. Et qui inventore molestiae nesciunt tempora ratione. Et esse debitis dicta asperiores unde sequi. Sint blanditiis sit qui.</p><p>Quia quaerat eveniet vitae accusantium quis laboriosam ut hic. Ipsum ad sed labore consequuntur quam doloremque dolorem. Vero autem laboriosam nobis ipsum eveniet.</p>',NULL,NULL,'2022-02-20 06:48:18','2022-02-20 06:48:18'),(40,1,2,'Unde et qui iure odio.','sapiente-molestiae-aliquam-nihil-placeat','Exercitationem quia ipsa aut deserunt aut earum illo. Velit aut unde cupiditate voluptate laudantium. Dolore et pariatur non dolor et. Sunt et nam dolores labore nesciunt aut. Minus iste consequuntur eaque quod iure optio nesciunt.','<p>Autem quisquam aperiam at est. Illo odit libero quo atque consequuntur aut. Consequatur doloribus quos delectus sed optio.</p><p>Vitae necessitatibus dolor et sequi ad id libero alias. Ad aspernatur officiis aut dolorum. Ad dolores et velit non.</p><p>Accusamus vel est quia iste. Et aut enim nisi ea minus maxime id. Nam ea ratione sunt molestiae. Libero magni consequatur quo sed. Quis autem excepturi saepe nemo.</p>',NULL,NULL,'2022-02-20 06:48:18','2022-02-20 06:48:18'),(41,2,2,'Pariatur autem iste placeat.','quas-fuga-blanditiis-dolores-adipisci-magnam-at-possimus','Vitae quas quia consequuntur autem eligendi dolor exercitationem sunt. Fugiat ad explicabo et inventore iusto facere et voluptas. Et quas exercitationem recusandae quia.','<p>Facilis quas ut et hic voluptas non unde. Et quo distinctio ipsa qui necessitatibus eum earum. Ullam cum non est consectetur.</p><p>Aliquam rerum sit quis vel id laudantium quaerat sint. Cupiditate nobis quo neque amet est cum. Voluptatem pariatur inventore laborum fugit facilis molestias. Atque voluptatum quia minima distinctio officia.</p><p>Accusamus odio occaecati non cum quia. Unde minima ullam delectus voluptatem quis ad nisi. Explicabo libero iusto molestiae nulla vero soluta. Rerum consequatur error fuga molestiae est et aut.</p>',NULL,NULL,'2022-02-20 06:48:18','2022-02-20 06:48:18'),(42,2,2,'Illo vel iusto rerum labore quibusdam voluptas.','ducimus-libero-praesentium-et-quos-tempora','Sunt aut perspiciatis nulla et provident officia consequatur nisi. Praesentium libero et quis odit omnis. Beatae laborum aut dolorem animi. Eligendi voluptatibus dicta eveniet tempore.','<p>Veritatis sit aut aperiam iste. Illum est commodi dolorem. Aperiam dolorum culpa non saepe ea sequi qui. Qui iste quasi ex voluptatem ea aut.</p><p>Porro ea voluptates mollitia illo eum assumenda. Dignissimos omnis rerum sit. Itaque sed cum repellendus dolores rerum consequatur earum. Dolor necessitatibus et quibusdam est delectus ducimus.</p><p>Rerum a enim voluptas iusto. Dolor earum ut aut. Blanditiis possimus animi et officia et praesentium.</p>',NULL,NULL,'2022-02-20 06:48:18','2022-02-20 06:48:18'),(43,2,2,'Et sed atque voluptatem consectetur dolorem quidem.','quia-autem-voluptatem-nisi-fugiat-voluptas','Ab molestiae voluptatibus quod inventore omnis. Quisquam ut ea deserunt eos. Reiciendis nesciunt occaecati omnis voluptas rerum nihil quibusdam. Itaque eius quaerat labore voluptatem non provident porro. Aliquam aut dolores vitae architecto adipisci itaque.','<p>Et facilis quos et nobis aut ratione. Consectetur harum distinctio omnis omnis recusandae commodi. Aut quas rerum eum voluptas adipisci delectus et.</p><p>Dolorum et et repudiandae enim enim quia quibusdam. Cum laudantium nulla aperiam optio dolor dicta. Eligendi perferendis iste ut mollitia. Nobis quia error in.</p><p>Illo voluptatem sunt tenetur minima explicabo. Ab consectetur et quis illum non. Omnis aut cum aliquam voluptas voluptatem. Aut rem ut accusamus vel id qui veniam.</p>',NULL,NULL,'2022-02-20 06:48:18','2022-02-20 06:48:18'),(44,3,1,'Soluta id molestias eveniet quas id enim.','qui-odit-fuga-cumque-adipisci-ad-dolorum-porro','Ut voluptates accusamus quis officia nostrum earum. Molestiae quis quo eos sint laboriosam. In non rem ea corporis consequuntur quia. Quia placeat rerum voluptates et explicabo id vitae non.','<p>Tempore deleniti quaerat voluptatem consequuntur quidem. Quo aliquam veritatis exercitationem mollitia aut possimus. Quod laboriosam quisquam rerum perspiciatis.</p><p>Aliquid ea id voluptatem recusandae sit nisi. Facere et vel earum consequuntur. Illum quidem recusandae non in harum. Dicta quo in illum.</p><p>Perspiciatis ea rerum molestias voluptatibus. Et nulla vel dolor. Quia perspiciatis aut animi sit provident. Inventore et sint labore.</p>',NULL,NULL,'2022-02-20 06:48:18','2022-02-20 06:48:18'),(45,3,1,'Nesciunt placeat voluptate consequatur atque.','et-minus-non-numquam-deserunt-molestiae-quo-non','Ex cupiditate corporis qui nulla rerum. Impedit et dicta harum placeat iure. Tempore totam reiciendis cumque suscipit molestiae.','<p>Temporibus ipsam ut quos voluptas praesentium et aliquid. Labore ut eum nihil facilis. Tenetur qui illum minima laborum nobis voluptatibus. Iure et quos numquam dignissimos.</p><p>Voluptatem dolorum itaque excepturi et. Enim animi eos unde sed quasi excepturi ex. Suscipit dolorem non totam molestiae. Optio laborum accusamus consequatur.</p><p>Odit temporibus dolor adipisci sit velit qui iusto. Ut a eos et eligendi. Quia ad a accusantium non quaerat suscipit.</p>',NULL,NULL,'2022-02-20 06:48:19','2022-02-20 06:48:19'),(46,3,1,'Rem quisquam sequi voluptatem.','laboriosam-harum-veritatis-ratione','Minima et autem assumenda atque officiis iste cum excepturi. Impedit asperiores sit natus cumque iste numquam tenetur. Optio vitae voluptatem ipsa ut similique eum ut. Unde eum laborum distinctio rerum libero repudiandae assumenda.','<p>Illum natus totam omnis et. Consequatur sapiente amet qui velit rem. Eos beatae fugiat sunt ad.</p><p>Nam suscipit quisquam recusandae provident cumque ipsam rerum. Dolor hic explicabo quia consectetur. Nisi qui consectetur sit omnis eum. Quia eos architecto laudantium non minus id dolores. Qui qui ex ex qui nisi eos.</p><p>Harum enim consequatur nihil. Nulla pariatur iure delectus quia quo nihil. Dolorem non velit optio voluptas veniam aut accusantium.</p>',NULL,NULL,'2022-02-20 06:48:19','2022-02-20 06:48:19'),(47,3,1,'Vero et a dolorem ex.','fuga-fugit-nostrum-fugit-rerum-sint-nesciunt','Molestiae sequi architecto asperiores optio. Maiores omnis est non fuga. Earum aliquam quia aut repellendus velit numquam voluptatem. Sequi repudiandae consectetur ut quos quibusdam.','<p>Quia magnam dolores magnam velit deleniti aut nam rem. Ducimus odio corporis exercitationem nemo excepturi ratione. Rem impedit ut ea quia. Odit et sit velit dolore praesentium sapiente. Porro delectus voluptatibus reprehenderit ea quibusdam at.</p><p>Qui et quaerat autem quibusdam molestiae nostrum dolores et. Exercitationem molestiae sit est dignissimos illum. Sit praesentium nobis nulla asperiores in. Ducimus ab temporibus deleniti qui aperiam aut sint aperiam.</p><p>Possimus vero similique amet illum ea sapiente ipsam. Sint tenetur facilis perferendis. Possimus at ut nemo quis aut. Consectetur sit quis et assumenda. Quasi placeat non aut harum deleniti omnis et.</p>',NULL,NULL,'2022-02-20 06:48:19','2022-02-20 06:48:19'),(48,1,1,'Assumenda nulla ut qui aliquam sed libero neque.','sit-autem-doloribus-aliquid-officiis','Molestiae saepe nemo iste vitae culpa aut quae. Laboriosam nam optio autem commodi quidem blanditiis ea.','<p>Nisi sint est nihil et dolor aperiam soluta amet. Officiis praesentium et amet sapiente facilis. Consequuntur iusto aut rerum eos deserunt. Ex et autem consequatur voluptatem enim beatae aspernatur.</p><p>Hic aut non autem velit nemo quia sapiente. Fugit atque nisi et voluptatem. Ut sed omnis fugit et nihil blanditiis dolorem. Enim in ipsum et hic qui consequatur deleniti. Distinctio et minus assumenda earum.</p><p>Suscipit qui deleniti nihil sunt quia. Iusto ex a modi error neque aspernatur. Numquam perferendis modi architecto vel cumque. A doloribus sequi incidunt facere aut sapiente.</p>',NULL,NULL,'2022-02-20 06:48:19','2022-02-20 06:48:19'),(49,1,1,'Asperiores quisquam aliquid ut consequuntur.','corrupti-quidem-odit-illo-fuga-accusantium-enim-temporibus','Iusto id laboriosam et eum unde. Aut dolores eos sunt et. Odio sit officiis voluptatibus accusantium reprehenderit.','<p>Rerum autem natus ab sint quibusdam. Occaecati harum optio molestias labore. Mollitia totam est ipsa consequuntur velit.</p><p>Ut tempora molestiae beatae sapiente. Odit velit sed consectetur beatae dolorem perspiciatis non. Quisquam quisquam occaecati perspiciatis aut laudantium. Possimus quaerat quia sunt iste deleniti rem deserunt voluptas.</p><p>Accusamus optio et quis autem iusto magnam rerum mollitia. Quo consequatur et consequatur asperiores. Qui molestias consequuntur nulla eum facere quo maxime eveniet. Animi debitis est numquam exercitationem voluptatum.</p>',NULL,NULL,'2022-02-20 06:48:19','2022-02-20 06:48:19'),(50,2,1,'Tempore veritatis vero voluptatem harum omnis qui debitis accusamus.','nulla-iste-harum-eum-eos-fugiat-aut-velit','Ab libero eligendi inventore recusandae dolorem. Error cumque velit ratione et voluptatem. Illum tempora rem sit corrupti adipisci ab.','<p>Qui sequi est eligendi molestiae consequatur ea. Ea natus ipsa omnis vel. Quae non repellendus sit et est at quae.</p><p>Id ipsam omnis perferendis ratione corporis voluptatem nulla. Accusantium doloribus qui sint qui. Omnis maiores et exercitationem iste voluptas. Odit et iste error et dolores.</p><p>Autem ducimus dignissimos omnis repellat ullam aut. Distinctio voluptatibus aut alias ut placeat iste ut. Tenetur eveniet non hic laudantium cupiditate quam molestiae. Placeat assumenda aut dolores cum sint commodi et.</p>',NULL,NULL,'2022-02-20 06:48:19','2022-02-20 06:48:19'),(51,2,1,'Aut molestiae ratione voluptates fugit.','nostrum-iusto-nemo-minima-quis-voluptas','Consequuntur excepturi accusamus reiciendis ut dolorem reprehenderit dolor. Eaque illum numquam unde ut ut recusandae est odio. Dolorum officiis quae modi deserunt labore velit corrupti. Vel consequatur eaque exercitationem facilis sit rerum.','<p>Mollitia quia consequatur facilis voluptatibus. Deleniti hic in in ratione quam. Cum et qui rerum placeat voluptatem odit ut non. Quo vero expedita quis labore.</p><p>Rerum sed tenetur ullam tempora aut delectus nihil quia. Numquam eum voluptatem qui. Aut mollitia dolore consectetur voluptatibus dignissimos illum. Pariatur necessitatibus voluptas aut earum aspernatur maiores aut.</p><p>Eaque praesentium ut quas amet porro. Perspiciatis eveniet quisquam magnam ducimus porro. Quia qui dolor fugiat odio voluptatem. Mollitia amet aliquid eligendi. In cumque delectus non suscipit et quo.</p>',NULL,NULL,'2022-02-20 06:48:20','2022-02-20 06:48:20'),(52,2,1,'Quis sint inventore eligendi omnis quisquam inventore.','ad-corrupti-voluptas-ut-quas-amet-voluptatum-qui-unde','Rerum aspernatur quos perferendis amet id vel. Ad doloremque assumenda qui est. Ipsum eum debitis qui facere. Enim voluptatem molestiae earum cupiditate.','<p>Nesciunt omnis eum non voluptates eum adipisci unde. Quis temporibus cum minima sed quia. Ratione consequatur dolores et repellat quos aut.</p><p>Rerum ut suscipit illo cum. Impedit dolores quia molestiae error omnis voluptates. Occaecati voluptatum officia sit minus eum sit ut.</p><p>Soluta tenetur non blanditiis ex. Nemo itaque nihil vitae ratione ea possimus. Doloribus nobis ad sed ipsa corrupti.</p>',NULL,NULL,'2022-02-20 06:48:20','2022-02-20 06:48:20'),(53,2,1,'Quis quisquam molestiae autem.','voluptatem-consequatur-qui-ducimus-hic-rerum','Fugiat autem a nemo velit doloremque amet dolore nihil. Nemo in quam officiis modi quia similique. Quos reiciendis voluptatem ea debitis libero. Ut est ratione nihil sit.','<p>Ea consequatur voluptas sequi nam ea qui dolores. Officiis perferendis blanditiis et aliquam delectus soluta. Perspiciatis rerum fugiat est doloremque quia molestiae. Rerum exercitationem exercitationem debitis velit voluptas. Quod non velit velit dolore rerum consequuntur.</p><p>Commodi enim occaecati adipisci. Rerum necessitatibus iusto laboriosam voluptas. Dolorem veniam beatae dolor veritatis impedit inventore eveniet. Dolores nobis natus consequuntur.</p><p>Iusto voluptatem eum eum repudiandae. Qui nemo voluptas culpa nam est. Ut quam molestias dolor voluptatem. Dolores illo facere cupiditate qui ex dolorem esse.</p>',NULL,NULL,'2022-02-20 06:48:20','2022-02-20 06:48:20'),(54,2,1,'Voluptatem soluta eos adipisci eum.','quis-accusamus-ut-et-sit-architecto','Laborum omnis harum dolor et. Dolores repudiandae consectetur porro similique. Iste nemo at animi explicabo iure consequatur. Dolores at magni similique fugiat aut mollitia.','<p>Vitae temporibus ipsam beatae. Nostrum laboriosam molestiae esse tenetur quia error necessitatibus voluptate. Aspernatur consequuntur atque aspernatur eum quo architecto.</p><p>Nisi tempore pariatur voluptatem voluptas magnam quas. Saepe neque modi explicabo dolores numquam itaque voluptas. Est excepturi explicabo asperiores voluptates.</p><p>Et et neque aliquid nulla aut. Repellat et sed libero aut dolorem quae. Aut nihil fugiat doloremque et id et. Quis dolorum sed occaecati optio amet ipsum.</p>',NULL,NULL,'2022-02-20 06:48:20','2022-02-20 06:48:20'),(55,1,1,'Thank','tald','tthank you for','Thank you for all the good things you gave me.','/tmp/phpO0MhO0',NULL,'2022-02-20 07:05:46','2022-02-20 07:05:46'),(56,1,1,'Thank','tald-you','tthank you for','Thank you for all the good things you gave me.','thumbnails/fD1sH3JMiOm9OpT5AzdKIreedDaAs5DWqyMNobGC.jpg',NULL,'2022-02-20 07:08:14','2022-02-20 07:08:14'),(57,1,1,'Thank you','thankyouu','tthank you for','Thank you for all the good things you gave me.','thumbnails/9S9pymjBFAtPOKyqGj18gZn4MIVs6on5aAdqApwY.jpg',NULL,'2022-02-20 07:15:49','2022-02-20 07:15:49'),(58,3,1,'Hobbies','hobbies-i-have','about hobbies i have','Cooking is really a good hobby. It is so fun.','thumbnails/9gnYD6QpUt74e8prlwOzdU1pKKk06mm3Vxe0W8cA.jpg',NULL,'2022-02-20 07:16:54','2022-02-20 07:16:54'),(59,3,1,'Hobbies','hobbies-i','about hobbies i','Cooking is really a good hobby. It is so fun.','thumbnails/DLqZ4VLHT9sl1JFR68MMEBBmY9rAjifBtG6Q9yNp.jpg',NULL,'2022-02-20 07:17:46','2022-02-20 07:17:46'),(60,1,1,'Time','time','time is imp','Thank you for all the good things you gave me.','thumbnails/SnYSYcnNWYG9L2POlWWEZDpe8hoZWIG1f66KCmlh.png',NULL,'2022-02-20 07:18:34','2022-02-20 07:18:34'),(61,1,1,'new post','lsdd','ne post elrjl','Thank you for all the good things you gave me.','thumbnails/VI53Uuhz7WzLUoPi5gzNCXbHxXHQT28OO9rlReQi.png',NULL,'2022-02-20 07:20:14','2022-02-20 07:20:14'),(62,1,1,'Good one','dlfjdl','ldfjdlkfj ldfjldfj','Thank you for all the good things you gave me.','thumbnails/UmQZNfmEneKOXbO3z9RqSt4gfs0HjhjExq7Vn2gv.png',NULL,'2022-02-20 07:20:47','2022-02-20 07:20:47'),(63,1,1,'Good one of this','oeotep','ldfjdlkfj ldfjldfj','Thank you for all the good things you gave me.','thumbnails/PDNDrU27wFLkzW7siLA8MXWwcXpkGBlJfPb9jUYP.jpg',NULL,'2022-02-20 07:22:19','2022-02-20 07:22:19');
/*!40000 ALTER TABLE `posts` ENABLE KEYS */;
UNLOCK TABLES;

--
-- Table structure for table `users`
--

DROP TABLE IF EXISTS `users`;
/*!40101 SET @saved_cs_client     = @@character_set_client */;
/*!50503 SET character_set_client = utf8mb4 */;
CREATE TABLE `users` (
  `id` bigint unsigned NOT NULL AUTO_INCREMENT,
  `username` varchar(255) COLLATE utf8mb4_unicode_ci NOT NULL,
  `name` varchar(255) COLLATE utf8mb4_unicode_ci NOT NULL,
  `email` varchar(255) COLLATE utf8mb4_unicode_ci NOT NULL,
  `email_verified_at` timestamp NULL DEFAULT NULL,
  `is_admin` tinyint(1) NOT NULL DEFAULT '0',
  `password` varchar(255) COLLATE utf8mb4_unicode_ci NOT NULL,
  `remember_token` varchar(100) COLLATE utf8mb4_unicode_ci DEFAULT NULL,
  `created_at` timestamp NULL DEFAULT NULL,
  `updated_at` timestamp NULL DEFAULT NULL,
  PRIMARY KEY (`id`),
  UNIQUE KEY `users_username_unique` (`username`),
  UNIQUE KEY `users_email_unique` (`email`)
) ENGINE=InnoDB AUTO_INCREMENT=46 DEFAULT CHARSET=utf8mb4 COLLATE=utf8mb4_unicode_ci;
/*!40101 SET character_set_client = @saved_cs_client */;

--
-- Dumping data for table `users`
--

LOCK TABLES `users` WRITE;
/*!40000 ALTER TABLE `users` DISABLE KEYS */;
INSERT INTO `users` VALUES (1,'neethuisaac','Neethu Isaac','neethuisaac@gmail.com',NULL,1,'$2y$10$Kx867ItQtxZZ0SWU4xuh1ulUmpdOxMyHXbxREHBvQAN2gOY0L.yqy',NULL,'2022-02-20 06:47:59','2022-02-20 06:47:59'),(2,'junenn','June NN','neethuisaac7@gmail.com',NULL,1,'$2y$10$/U2hWTBdhhpItt4viOuDb.Qj2T14IMLfQ3ruxuPUfccfGFJ9xboI.',NULL,'2022-02-20 06:48:00','2022-02-20 06:48:00'),(3,'jena.johns','Alexa Schroeder','peter.zboncak@example.com','2022-02-20 06:48:00',0,'$2y$10$8fuRvevKyayYg8Oqr6CdI.PvHgixn49vyjnqzEsWm3ES20gt4hUSO','5FhDqQr8St','2022-02-20 06:48:01','2022-02-20 06:48:01'),(4,'daphne14','Prof. Emelia Brakus','maximillian.johnson@example.net','2022-02-20 06:48:00',0,'$2y$10$YdU1y.FP3ZjpuFhUbEipB.aAugdDmiOuHDNaQM7yeDobX0STIAVNi','cKo5PfTaSA','2022-02-20 06:48:01','2022-02-20 06:48:01'),(5,'emmie04','Freddy Cruickshank','cleora.luettgen@example.org','2022-02-20 06:48:00',0,'$2y$10$QYYBoHolyLmXlqq9pE.7WO61zFN04WNGKhtEsgbJhX97Mt1btKpy2','Uue12kWxE4','2022-02-20 06:48:01','2022-02-20 06:48:01'),(6,'syble53','Marilou Schaden','abdiel67@example.net','2022-02-20 06:48:00',0,'$2y$10$kLnOOo8lVl3u4mL3reqf0uJqj.peQjyQ0CVjlbdqK3ul.akhGxNN2','iT1tQtiMeI','2022-02-20 06:48:01','2022-02-20 06:48:01'),(7,'lucius01','Brooklyn Kshlerin','aglae.hermann@example.org','2022-02-20 06:48:00',0,'$2y$10$7aR03kKfFFr/ePcSwkrUNuFGw90.ksYN9TdzVBvutbiaFdDNjUxDi','syFWH5djo6','2022-02-20 06:48:01','2022-02-20 06:48:01'),(8,'heathcote.lupe','Marjolaine Bartell III','tmarks@example.net','2022-02-20 06:48:00',0,'$2y$10$PNlv33s6e1CH/HvFjdZE.eVgHqmlqG.e5Rd98VzQWmLgIsvFJcmNa','Xu7UndcAJP','2022-02-20 06:48:01','2022-02-20 06:48:01'),(9,'justina.crist','Dr. Gordon Mosciski DDS','ocremin@example.org','2022-02-20 06:48:00',0,'$2y$10$SLO/D5433bRUqK/oqdZE2eSsHuczWT3aXr6KdZVUrSgO/3dGa8pIW','2MkUU0ybZW','2022-02-20 06:48:02','2022-02-20 06:48:02'),(10,'clair.zieme','Alex Kuhn','stephan.ernser@example.net','2022-02-20 06:48:00',0,'$2y$10$5HrhosSF18pjif03fuArtuG85FMZKlsAZARSrOzS7ANq3qng.JTUq','BliDMdqgTs','2022-02-20 06:48:02','2022-02-20 06:48:02'),(11,'legros.zita','Niko Bradtke','alec.conroy@example.net','2022-02-20 06:48:00',0,'$2y$10$5CJeSTgmAjsaygJwpKP9puDitpdoyM4xl.nxArnKOx.tfzntJyG4u','NcvAb5tNch','2022-02-20 06:48:02','2022-02-20 06:48:02'),(12,'cary.glover','Dwight Schmeler','rohan.marcelina@example.com','2022-02-20 06:48:01',0,'$2y$10$gHuA/eQIBsykRMMxlzhV5uePb.mGqYJB0PqhWiBH/wn0nh2bpDjgq','hObTrGH3kU','2022-02-20 06:48:02','2022-02-20 06:48:02'),(13,'vstoltenberg','Maddison Wunsch','alex92@example.net','2022-02-20 06:48:03',0,'$2y$10$deUiRcJXVVJdVQa5krtCw.N5fwuw5mXZFgsVZHzL7UnY5OIhVOc.2','7bZAkuZf48','2022-02-20 06:48:03','2022-02-20 06:48:03'),(14,'jacques.walsh','Cruz Fadel','rhickle@example.net','2022-02-20 06:48:04',0,'$2y$10$.792dKUnq7fMvb7oJcNKKe2RX/nhRjjbNiaT1fLAgK8QaqWotZ0f.','GqwG776gc7','2022-02-20 06:48:04','2022-02-20 06:48:04'),(15,'glegros','Prof. Lavonne Windler','orion60@example.net','2022-02-20 06:48:04',0,'$2y$10$MmYcq.m9FsPBF6rdDROlJeEoxeFY6REUXVEiXeqR5/zRMapS9F5wS','ffF2tnMkTP','2022-02-20 06:48:04','2022-02-20 06:48:04'),(16,'imarvin','Rebeca Heaney','gusikowski.tomas@example.net','2022-02-20 06:48:04',0,'$2y$10$dvLz05vpOgtSMnVNpDF/K.MVrfAzlf3jcCEKK7KOR3IXtiz.D3deS','oxmHKLjpG2','2022-02-20 06:48:04','2022-02-20 06:48:04'),(17,'megane46','Kacie Effertz','eking@example.com','2022-02-20 06:48:05',0,'$2y$10$kcIZMVDLl2nZZ/GLYBHuRuO4KtLpoEZPASSPM626zrnKNh/DJeXra','hW3E8BiAqC','2022-02-20 06:48:05','2022-02-20 06:48:05'),(18,'cflatley','Nella Jenkins','pkuhn@example.net','2022-02-20 06:48:05',0,'$2y$10$VIvrafSuulb8RMWwRlcKke0ZdbfyZPzp9Cc4oHaCe9n80IgUFyMmC','VmEWGfu3Sg','2022-02-20 06:48:05','2022-02-20 06:48:05'),(19,'wilma.bailey','Mrs. Candida Davis V','ullrich.stella@example.com','2022-02-20 06:48:05',0,'$2y$10$isjE31hq4A/SOfr7P5vJzuqNTLNhrtnyp60B2mHjckh2sMKAM6Hwe','cTjO01lX3P','2022-02-20 06:48:05','2022-02-20 06:48:05'),(20,'schultz.barbara','Ms. Marilou Schoen MD','marina.corkery@example.net','2022-02-20 06:48:06',0,'$2y$10$EpyNTaSrvJzekKABDwgf2OnLSzl4tox8KEjFbOt4.05Ld7p/gZeRq','Vlsi3eq0Q1','2022-02-20 06:48:06','2022-02-20 06:48:06'),(21,'nmohr','Elmore Hahn','elvis.walsh@example.net','2022-02-20 06:48:06',0,'$2y$10$L.zQYiiNf3WyH5O65N2DrOEsMoOPki73NrkMJ82whtS1ORmKPEZyu','ptmUgrXl4z','2022-02-20 06:48:06','2022-02-20 06:48:06'),(22,'keira.witting','Prof. Lora Hackett II','marlene.klocko@example.com','2022-02-20 06:48:06',0,'$2y$10$cx8Obnxkn7T.NFYuzFdvw.5A3iZazMMS8sCS5Zm1J6WjMRfF9XCNK','hDjUzej68p','2022-02-20 06:48:06','2022-02-20 06:48:06'),(23,'greenholt.taurean','Leon Bergstrom III','schuyler.wiegand@example.org','2022-02-20 06:48:08',0,'$2y$10$v2FNfKxpTriD4X1tp2mJPuUEMqua4f2ofRniFg/wo4smmOMPaGdAi','2mzQlCFynf','2022-02-20 06:48:08','2022-02-20 06:48:08'),(24,'zwaelchi','Thaddeus Hermiston','kohler.reinhold@example.com','2022-02-20 06:48:09',0,'$2y$10$dut.bSMauMEbqybXvsKh8.HX89AFCoOmS7O5OM.3aksccn4yV4/Fe','JtAD6GFbom','2022-02-20 06:48:09','2022-02-20 06:48:09'),(25,'xbednar','Demond Schoen III','owest@example.net','2022-02-20 06:48:09',0,'$2y$10$arjTJXUsYuQG7U8EeE6X8ef2l7u44ffeVK1HPTqvynOu1FWSc5OKq','DjIE8VaMJK','2022-02-20 06:48:09','2022-02-20 06:48:09'),(26,'hackett.amara','Demarco Ankunding','tlittel@example.org','2022-02-20 06:48:09',0,'$2y$10$ABzO55b/gvlEX2gcHwzszOw.cBFd9iLmidp7u6QCJiyCk5qodtbF2','3gu8GjvwCb','2022-02-20 06:48:09','2022-02-20 06:48:09'),(27,'larkin.chaya','Josie Stokes','schmidt.unique@example.org','2022-02-20 06:48:09',0,'$2y$10$VRC4nKFUG5Li.4bf//lNj.iVRfIECZww7cVq7d5L8FDNN/8G8qdtO','OewesUpX66','2022-02-20 06:48:10','2022-02-20 06:48:10'),(28,'conner15','Patricia Collier Sr.','kara75@example.org','2022-02-20 06:48:10',0,'$2y$10$8qJEcsX4NGIlO8KsKOS3P.Uc.rL.MOY/LQiZyaHLoL1RpXTVAeq7e','RaG8YLXzgX','2022-02-20 06:48:10','2022-02-20 06:48:10'),(29,'pfisher','Dr. Carmine Christiansen','afahey@example.org','2022-02-20 06:48:10',0,'$2y$10$PeIoqsHp.cTJn8KfwXu/9uX4pIONWL.H3fHqz8oaXW7IPWjleIM1.','1jP4XnuYPG','2022-02-20 06:48:10','2022-02-20 06:48:10'),(30,'hane.ezra','Frederic Schmidt','kuhlman.arch@example.org','2022-02-20 06:48:10',0,'$2y$10$nGCDG43591yUm0x/s.GJTuz.JBYJJtpNXoSDydvYNN9qnNc6WLUcu','B673KnAqR3','2022-02-20 06:48:11','2022-02-20 06:48:11'),(31,'lauren31','Edd Littel','heather.hartmann@example.com','2022-02-20 06:48:12',0,'$2y$10$kIgcaHRN2BdgmuiAKLdKFO6dlrkaBM2MU4TczdJicgwWOrnyqywhO','5Di0yk0hjR','2022-02-20 06:48:12','2022-02-20 06:48:12'),(32,'major03','Alycia Morissette','angie.feest@example.org','2022-02-20 06:48:13',0,'$2y$10$oknavwTB97.B6upZXp9xRuHLiP5II8NuehrkbW/MsNUpJSeHNi/Di','xNV0AoJJ3q','2022-02-20 06:48:13','2022-02-20 06:48:13'),(33,'wintheiser.russel','Ms. Eliza Hills','oma.schaefer@example.com','2022-02-20 06:48:13',0,'$2y$10$goRzQkPhL1xA4OB0mOmU3Oz9unM3ka5rEDKzKjKu/ZTH387Jr2YjO','rS3EokOQD1','2022-02-20 06:48:13','2022-02-20 06:48:13'),(34,'lokuneva','Erin Kilback Jr.','wilfredo.lowe@example.com','2022-02-20 06:48:13',0,'$2y$10$HsY0qoPcDpbA9hLYigsVd.rjvviQVbRBQQ9t9W//X4UgUi3p46qMC','TrUdKs8mzy','2022-02-20 06:48:13','2022-02-20 06:48:13'),(35,'ckuhlman','Madyson Kiehn','mhintz@example.net','2022-02-20 06:48:13',0,'$2y$10$tlPGN366FF9.RzqUJBIYKezlsmLwr4sPj4TNKt3sxUR5YImV9M9se','1ysKRmcbEZ','2022-02-20 06:48:13','2022-02-20 06:48:13'),(36,'fay.greenholt','Miss Janice Moore IV','bohara@example.net','2022-02-20 06:48:13',0,'$2y$10$WGZ3rxy28XzFJJffb15ldO2jMnzIrzNWFHIc/gGIv4pU2sNYrYy6y','1WSau6CLys','2022-02-20 06:48:14','2022-02-20 06:48:14'),(37,'wconnelly','Prof. Arnold Champlin','tess11@example.com','2022-02-20 06:48:14',0,'$2y$10$6YINPW7K10EvzZEGElENv.omDwywPttBwcEvhqGuqdtPeJjZYPiNa','EcHIxOTGCz','2022-02-20 06:48:14','2022-02-20 06:48:14'),(38,'ibatz','Dr. Abigale Johns','bemmerich@example.org','2022-02-20 06:48:14',0,'$2y$10$Q.qY8uHDydjiqjQvauryU.J5jkAcvxEHg/kCi7ovZNfOcdK3QVjiy','cxIq5QhnCa','2022-02-20 06:48:14','2022-02-20 06:48:14'),(39,'ruby01','Scotty Howell','cole.andrew@example.net','2022-02-20 06:48:14',0,'$2y$10$.03SIQfn68s17IrdjJTHPOWvX2uQERw53dQRkSp6GafHm7F0jnFwq','8cJeRJspWd','2022-02-20 06:48:14','2022-02-20 06:48:14'),(40,'hane.eduardo','Lucie Oberbrunner MD','reichert.hiram@example.org','2022-02-20 06:48:14',0,'$2y$10$Z9eeH67NhyAQyEqK2GJxpOjWFdRJkGQvMgtMpLWbFxMX3RMS3/xOm','5phjIwRBL6','2022-02-20 06:48:14','2022-02-20 06:48:14'),(41,'jena.feil','Roberta Hansen','idella50@example.org','2022-02-20 06:48:14',0,'$2y$10$UjPLtjgf/kelrLop/faVNuTFSvkDu/s3ux1KFakzdPvKjDOcbyMh6','SMeuZLwXa4','2022-02-20 06:48:15','2022-02-20 06:48:15'),(42,'yundt.constantin','Mrs. Tyra Renner','dooley.pablo@example.net','2022-02-20 06:48:15',0,'$2y$10$2IV354DLE7tOsvbRD7MyJOqNjxXl4KuUUNgzCxsidQ2N2cElZHtB.','6I5PhQePNI','2022-02-20 06:48:15','2022-02-20 06:48:15'),(43,'fisher.erin','Yadira Keeling','kenton.hodkiewicz@example.com','2022-02-20 06:48:15',0,'$2y$10$SOpwi40O2e2ZCIZ2v3sH9Oza7wzzBlanUac.MXd3hrNf7V7om97.y','0Oi2OGhWiA','2022-02-20 06:48:15','2022-02-20 06:48:15'),(44,'marlen.lockman','Claude Carter','morissette.janae@example.com','2022-02-20 06:48:15',0,'$2y$10$ACdDlPM0mU3aBnrH6KdqJuyG3XNPn6zSaivxnU.tYpDJQN5S/S1xO','M2vGbp6Vs2','2022-02-20 06:48:15','2022-02-20 06:48:15'),(45,'dooley.marcellus','Prof. Miguel Beatty MD','smitham.freddy@example.net','2022-02-20 06:48:15',0,'$2y$10$XoA1iifFDB.DXUwvjR1AzOhPtqkrUklDXKcEFeGbpiKWBDkfuxohW','rPj5eqcku4','2022-02-20 06:48:15','2022-02-20 06:48:15');
/*!40000 ALTER TABLE `users` ENABLE KEYS */;
UNLOCK TABLES;
/*!40103 SET TIME_ZONE=@OLD_TIME_ZONE */;

/*!40101 SET SQL_MODE=@OLD_SQL_MODE */;
/*!40014 SET FOREIGN_KEY_CHECKS=@OLD_FOREIGN_KEY_CHECKS */;
/*!40014 SET UNIQUE_CHECKS=@OLD_UNIQUE_CHECKS */;
/*!40101 SET CHARACTER_SET_CLIENT=@OLD_CHARACTER_SET_CLIENT */;
/*!40101 SET CHARACTER_SET_RESULTS=@OLD_CHARACTER_SET_RESULTS */;
/*!40101 SET COLLATION_CONNECTION=@OLD_COLLATION_CONNECTION */;
/*!40111 SET SQL_NOTES=@OLD_SQL_NOTES */;

-- Dump completed on 2022-03-29 15:11:26
